LIS_CTR,LIS_MAT,LIS_GPO
1720040,1,A
1720015,1,A
1720012,1,A
1720058,1,A
1720014,1,A
1720053,1,A
1720066,1,A
1720069,1,A
1720063,1,A
1720072,1,A
1720061,1,A
1720043,1,A
1720013,1,A
1720037,1,A
1720044,1,A
1720048,1,A
1720199,1,A
1720068,1,A
1720192,1,A
1720033,1,A
1720040,2,A
1720015,2,A
1720012,2,A
1720058,2,A
1720014,2,A
1720053,2,A
1720066,2,A
1720069,2,A
1720063,2,A
1720072,2,A
1720061,2,A
1720043,2,A
1720013,2,A
1720037,2,A
1720044,2,A
1720048,2,A
1720199,2,A
1720068,2,A
1720192,2,A
1720033,2,A
1720040,3,A
1720015,3,A
1720012,3,A
1720058,3,A
1720014,3,A
1720053,3,A
1720066,3,A
1720069,3,A
1720063,3,A
1720072,3,A
1720061,3,A
1720043,3,A
1720013,3,A
1720037,3,A
1720044,3,A
1720048,3,A
1720199,3,A
1720068,3,A
1720192,3,A
1720033,3,A
1720040,4,A
1720015,4,A
1720012,4,A
1720058,4,A
1720014,4,A
1720053,4,A
1720066,4,A
1720069,4,A
1720063,4,A
1720072,4,A
1720061,4,A
1720043,4,A
1720013,4,A
1620208,4,A
1720037,4,A
1720044,4,A
1720048,4,A
1720199,4,A
1720068,4,A
1720192,4,A
1720033,4,A
1720040,5,A
1720015,5,A
1720012,5,A
1720058,5,A
1720014,5,A
1720053,5,A
1720066,5,A
1720069,5,A
1720063,5,A
1720072,5,A
1720061,5,A
1720043,5,A
1720013,5,A
1720037,5,A
1720044,5,A
1720048,5,A
1720199,5,A
1720068,5,A
1720192,5,A
1720033,5,A
1720040,6,A
1720015,6,A
1720012,6,A
1720058,6,A
1720014,6,A
1720053,6,A
1720066,6,A
1720069,6,A
1720063,6,A
1720072,6,A
1720061,6,A
1720043,6,A
1720013,6,A
1720037,6,A
1720044,6,A
1720048,6,A
1720199,6,A
1720068,6,A
1720192,6,A
1720033,6,A
1720056,1,B
1720042,1,B
1720046,1,B
1720054,1,B
1720039,1,B
1720227,1,B
1720070,1,B
1720160,1,B
1720055,1,B
1720168,1,B
1720052,1,B
1720216,1,B
1720051,1,B
1720011,1,B
1720071,1,B
1720193,1,B
1720010,1,B
1720050,2,B
1720056,2,B
1720042,2,B
1720046,2,B
1720054,2,B
1720039,2,B
1720227,2,B
1720070,2,B
1720160,2,B
1720055,2,B
1720168,2,B
1720052,2,B
1720216,2,B
1720051,2,B
1720011,2,B
1720071,2,B
1720193,2,B
1720010,2,B
1720050,3,B
1720056,3,B
1720042,3,B
1720046,3,B
1720054,3,B
1720039,3,B
1720227,3,B
1720070,3,B
1720160,3,B
1720055,3,B
1720168,3,B
1720052,3,B
1720216,3,B
1720051,3,B
1720011,3,B
1720071,3,B
1720193,3,B
1720010,3,B
1720050,4,B
1720056,4,B
1720042,4,B
1720046,4,B
1720054,4,B
1720039,4,B
1720227,4,B
1720070,4,B
1720160,4,B
1720055,4,B
1720168,4,B
1720052,4,B
1720216,4,B
1720051,4,B
1720011,4,B
1720071,4,B
1720193,4,B
1720010,4,B
1720050,5,B
1720056,5,B
1720042,5,B
1720046,5,B
1720054,5,B
1720039,5,B
1720227,5,B
1720070,5,B
1720160,5,B
1720055,5,B
1720168,5,B
1720052,5,B
1720216,5,B
1720051,5,B
1720011,5,B
1720071,5,B
1720193,5,B
1720010,5,B
1720050,6,B
1720056,6,B
1720042,6,B
1720046,6,B
1720054,6,B
1720039,6,B
1720227,6,B
1720070,6,B
1720160,6,B
1720055,6,B
1720168,6,B
1720052,6,B
1720216,6,B
1720051,6,B
1720011,6,B
1720071,6,B
1720193,6,B
1720010,6,B
1620182,7,C
1620109,7,C
1620198,7,C
1620100,7,C
1620165,7,C
1620082,7,C
1620098,7,C
1620106,7,C
1620218,7,C
1620103,7,C
1620245,7,C
1620208,7,C
1620197,7,C
1620213,7,C
1620101,7,C
1620105,7,C
1620081,7,C
1620078,7,C
1520177,7,C
1620080,7,C
1620075,7,C
1620093,7,C
1620182,8,C
1620169,8,C
1620109,8,C
1620198,8,C
1720002,8,C
1620100,8,C
1620165,8,C
1620082,8,C
1620098,8,C
1620106,8,C
1620218,8,C
1620103,8,C
1620208,8,C
1620197,8,C
1620213,8,C
1620101,8,C
1620176,8,C
1620177,8,C
1620163,8,C
1620081,8,C
1620078,8,C
1520177,8,C
1620080,8,C
1620075,8,C
1620093,8,C
1620182,9,C
1620109,9,C
1620198,9,C
1620100,9,C
1620165,9,C
1620082,9,C
1620098,9,C
1620106,9,C
1620218,9,C
1620103,9,C
1620245,9,C
1620208,9,C
1620197,9,C
1620213,9,C
1620101,9,C
1620105,9,C
1620081,9,C
1620078,9,C
1520177,9,C
1620080,9,C
1620075,9,C
1520183,9,C
1620093,9,C
1620182,10,C
1620109,10,C
1620198,10,C
1620100,10,C
1620165,10,C
1620082,10,C
1620098,10,C
1620106,10,C
1620218,10,C
1620103,10,C
1620245,10,C
1620208,10,C
1620197,10,C
1620213,10,C
1620101,10,C
1620105,10,C
1620081,10,C
1620078,10,C
1520177,10,C
1620080,10,C
1620075,10,C
1620093,10,C
1620182,11,C
1620109,11,C
1520041,11,C
1620198,11,C
1720002,11,C
1420125,11,C
1620100,11,C
1620165,11,C
1620082,11,C
1620098,11,C
1620106,11,C
1620218,11,C
1620103,11,C
1620245,11,C
1620197,11,C
1620213,11,C
1620101,11,C
1620105,11,C
1620081,11,C
1620078,11,C
1520177,11,C
1620080,11,C
1620075,11,C
1620093,11,C
1420135,11,C
1620182,12,C
1620109,12,C
1620198,12,C
1620100,12,C
1620165,12,C
1620082,12,C
1620098,12,C
1620106,12,C
1620218,12,C
1620103,12,C
1620245,12,C
1620208,12,C
1620197,12,C
1620213,12,C
1620101,12,C
1620105,12,C
1620081,12,C
1620078,12,C
1520177,12,C
1620080,12,C
1620075,12,C
1620093,12,C
1620199,7,D
1620011,7,D
1620111,7,D
1520039,7,D
1620092,7,D
1620187,7,D
1620090,7,D
1620079,7,D
1620104,7,D
1520092,7,D
1620097,7,D
1520180,7,D
1620074,7,D
1620178,7,D
1520183,7,D
1620201,7,D
1520187,7,D
1620199,8,D
1620011,8,D
1620111,8,D
1620091,8,D
1620092,8,D
1620187,8,D
1720213,8,D
1620099,8,D
1620090,8,D
1620079,8,D
1520078,8,D
1620104,8,D
1520092,8,D
1620151,8,D
1620139,8,D
1520111,8,D
1620083,8,D
1620185,8,D
1520128,8,D
1620189,8,D
1620087,8,D
1620089,8,D
1620085,8,D
1620097,8,D
1520180,8,D
1620084,8,D
1620074,8,D
1620178,8,D
1520183,8,D
1620201,8,D
1520187,8,D
1720004,9,D
1620169,9,D
1520021,9,D
1620199,9,D
1620011,9,D
1620111,9,D
1620091,9,D
1620092,9,D
1620187,9,D
1620099,9,D
1620090,9,D
1620079,9,D
1620104,9,D
1620151,9,D
1620139,9,D
1620083,9,D
1620095,9,D
1620189,9,D
1620176,9,D
1620177,9,D
1620163,9,D
1620087,9,D
1620089,9,D
1520144,9,D
1620085,9,D
1620097,9,D
1620084,9,D
1620074,9,D
1620178,9,D
1620201,9,D
1620169,10,D
1620199,10,D
1620011,10,D
1620111,10,D
1620091,10,D
1620092,10,D
1620187,10,D
1620099,10,D
1620090,10,D
1620079,10,D
1620104,10,D
1620151,10,D
1620139,10,D
1620083,10,D
1620095,10,D
1620189,10,D
1620176,10,D
1620177,10,D
1620163,10,D
1620087,10,D
1620089,10,D
1620085,10,D
1620097,10,D
1620084,10,D
1620074,10,D
1620178,10,D
1620201,10,D
1720004,11,D
1620169,11,D
1620199,11,D
1620111,11,D
1620091,11,D
1620092,11,D
1620187,11,D
1620099,11,D
1620090,11,D
1620079,11,D
1620104,11,D
1620151,11,D
1620139,11,D
1620208,11,D
1620083,11,D
1620095,11,D
1620189,11,D
1620176,11,D
1620177,11,D
1620163,11,D
1520135,11,D
1620087,11,D
1620089,11,D
1620085,11,D
1620097,11,D
1620084,11,D
1620074,11,D
1620178,11,D
1620201,11,D
1620169,12,D
1620199,12,D
1620111,12,D
1620091,12,D
1620092,12,D
1620187,12,D
1620099,12,D
1620090,12,D
1620079,12,D
1620104,12,D
1620151,12,D
1620139,12,D
1620083,12,D
1620095,12,D
1620189,12,D
1620176,12,D
1620177,12,D
1620163,12,D
1620087,12,D
1620089,12,D
1620085,12,D
1620097,12,D
1620084,12,D
1620074,12,D
1620178,12,D
1620201,12,D
1420075,13,E
1520021,13,E
1620011,13,E
1520037,13,E
1520039,13,E
1520045,13,E
1720001,13,E
1420101,13,E
1720213,13,E
1520064,13,E
1420097,13,E
1420103,13,E
1520078,13,E
1520087,13,E
1520092,13,E
1420095,13,E
1420157,13,E
1520101,13,E
1520111,13,E
1620185,13,E
1520128,13,E
1520141,13,E
1520144,13,E
1420084,13,E
1520195,13,E
1520165,13,E
1520180,13,E
1420074,13,E
1520183,13,E
1520187,13,E
1520200,13,E
1420075,14,E
1720004,14,E
1520021,14,E
1520037,14,E
1520039,14,E
1520045,14,E
1720002,14,E
1520064,14,E
1420097,14,E
1420103,14,E
1520078,14,E
1520087,14,E
1520092,14,E
1420095,14,E
1520101,14,E
1620185,14,E
1420092,14,E
1520128,14,E
1520141,14,E
1520144,14,E
1520195,14,E
1520165,14,E
1520180,14,E
1520183,14,E
1520200,14,E
1520021,15,E
1520037,15,E
1520045,15,E
1520064,15,E
1420097,15,E
1520078,15,E
1520087,15,E
1520101,15,E
1520111,15,E
1620185,15,E
1520128,15,E
1520141,15,E
1520144,15,E
1520195,15,E
1520165,15,E
1520200,15,E
1420075,16,E
1520021,16,E
1620224,16,E
1520037,16,E
1520045,16,E
1720002,16,E
1720001,16,E
1520064,16,E
1420097,16,E
1420103,16,E
1520078,16,E
1520101,16,E
1620185,16,E
1520128,16,E
1420100,16,E
1520141,16,E
1520195,16,E
1520200,16,E
1720004,17,E
1520021,17,E
1620011,17,E
1520037,17,E
1520039,17,E
1520045,17,E
1720002,17,E
1720213,17,E
1520064,17,E
1520078,17,E
1520087,17,E
1520092,17,E
1520101,17,E
1520111,17,E
1620185,17,E
1520128,17,E
1520141,17,E
1520144,17,E
1520195,17,E
1520165,17,E
1520180,17,E
1520187,17,E
1520200,17,E
1520021,18,E
1520037,18,E
1520039,18,E
1520045,18,E
1720002,18,E
1720001,18,E
1720213,18,E
1520064,18,E
1520078,18,E
1520087,18,E
1520092,18,E
1520101,18,E
1520111,18,E
1620185,18,E
1520128,18,E
1520141,18,E
1520144,18,E
1520195,18,E
1520165,18,E
1520180,18,E
1520183,18,E
1520187,18,E
1520200,18,E
1320186,19,F
1320181,19,F
1420145,19,F
1420099,19,F
1320153,19,F
1320185,19,F
1420091,19,F
1320180,19,F
1320172,19,F
1420083,19,F
1320166,19,F
1420086,19,F
1720001,19,F
1320189,19,F
1420101,19,F
1320161,19,F
1420103,19,F
1420195,19,F
1420137,19,F
1320165,19,F
1420157,19,F
1320222,19,F
1420092,19,F
1320157,19,F
1420100,19,F
1420085,19,F
1420193,19,F
1420084,19,F
1420155,19,F
1420080,19,F
1420074,19,F
1420102,19,F
1320181,20,F
1620193,20,F
1420145,20,F
1420099,20,F
1420075,20,F
1420091,20,F
1620215,20,F
1420083,20,F
1320166,20,F
1420086,20,F
1720001,20,F
1320189,20,F
1420101,20,F
1720213,20,F
1620254,20,F
1420195,20,F
1420137,20,F
1420174,20,F
1320165,20,F
1420157,20,F
1320222,20,F
1420092,20,F
1420100,20,F
1420085,20,F
1420193,20,F
1420084,20,F
1420155,20,F
1420080,20,F
1420074,20,F
1420102,20,F
1620193,21,F
1420145,21,F
1420099,21,F
1320185,21,F
1420091,21,F
1320162,21,F
1320159,21,F
1420083,21,F
1320166,21,F
1420086,21,F
1320189,21,F
1420097,21,F
1620254,21,F
1320163,21,F
1420195,21,F
1420174,21,F
1120419,21,F
1220097,21,F
1420092,21,F
1420100,21,F
1420085,21,F
1420193,21,F
1420155,21,F
1420080,21,F
1620229,21,F
1320187,21,F
1420074,21,F
1620233,21,F
1420102,21,F
1620001,21,F
1620193,22,F
1320199,22,F
1420145,22,F
1420099,22,F
1420075,22,F
1420091,22,F
1420083,22,F
1420086,22,F
1720001,22,F
1420101,22,F
1420195,22,F
1420137,22,F
1420174,22,F
1420157,22,F
1320170,22,F
1420092,22,F
1420100,22,F
1420085,22,F
1420193,22,F
1420084,22,F
1420155,22,F
1420080,22,F
1320160,22,F
1720173,22,F
1420102,22,F
1320203,22,F
1320199,23,F
1420145,23,F
1420099,23,F
1720004,23,F
1320185,23,F
1420091,23,F
1320172,23,F
1420083,23,F
1420086,23,F
1320189,23,F
1320183,23,F
1420101,23,F
1320161,23,F
1420195,23,F
1420137,23,F
1420174,23,F
1320165,23,F
1220097,23,F
1420157,23,F
1320170,23,F
1420092,23,F
1320157,23,F
1420085,23,F
1420193,23,F
1420084,23,F
1420155,23,F
1420080,23,F
1620229,23,F
1620004,23,F
1620233,23,F
1420102,23,F
1320203,23,F
1620001,23,F
1320186,24,F
1320181,24,F
1620193,24,F
1320199,24,F
1420145,24,F
1420099,24,F
1320153,24,F
1320185,24,F
1420091,24,F
1320180,24,F
1320172,24,F
1420083,24,F
1420086,24,F
1320183,24,F
1420101,24,F
1320161,24,F
1420103,24,F
1420195,24,F
1420137,24,F
1420174,24,F
1320165,24,F
1420095,24,F
1420157,24,F
1620006,24,F
1320157,24,F
1420100,24,F
1420085,24,F
1420193,24,F
1420084,24,F
1420155,24,F
1420080,24,F
1320187,24,F
1420074,24,F
1720173,24,F
1420102,24,F
1620001,24,F
1320186,25,F
1620193,25,F
1420145,25,F
1420099,25,F
1320153,25,F
1320185,25,F
1420091,25,F
1320180,25,F
1320172,25,F
1420083,25,F
1420086,25,F
1320183,25,F
1420101,25,F
1420097,25,F
1320161,25,F
1620254,25,F
1420103,25,F
1420195,25,F
1420137,25,F
1420174,25,F
1320165,25,F
1420095,25,F
1420157,25,F
1620006,25,F
1420092,25,F
1320157,25,F
1420100,25,F
1420085,25,F
1420193,25,F
1420084,25,F
1420155,25,F
1420080,25,F
1320187,25,F
1420074,25,F
1720173,25,F
1420102,25,F
1620001,25,F
1720105,26,G
1720181,26,G
1720149,26,G
1720079,26,G
1720080,26,G
1720214,26,G
1720078,26,G
1720074,26,G
1620061,26,G
1720201,26,G
1720180,26,G
1720207,26,G
1720084,26,G
1720183,26,G
1720169,26,G
1720176,26,G
1720083,26,G
1720189,26,G
1720106,26,G
1720177,26,G
1720105,27,G
1720181,27,G
1720149,27,G
1720079,27,G
1720080,27,G
1720214,27,G
1720078,27,G
1720074,27,G
1620061,27,G
1720201,27,G
1720180,27,G
1720207,27,G
1720084,27,G
1720183,27,G
1720169,27,G
1720176,27,G
1720083,27,G
1720189,27,G
1720106,27,G
1720177,27,G
1720105,28,G
1720181,28,G
1720149,28,G
1720079,28,G
1720080,28,G
1720214,28,G
1720078,28,G
1720074,28,G
1620061,28,G
1720201,28,G
1720180,28,G
1720207,28,G
1720084,28,G
1720183,28,G
1720169,28,G
1720176,28,G
1720083,28,G
1720189,28,G
1720106,28,G
1720177,28,G
1720105,29,G
1720181,29,G
1720149,29,G
1720079,29,G
1720080,29,G
1720214,29,G
1720078,29,G
1720074,29,G
1620090,29,G
1620061,29,G
1720201,29,G
1720180,29,G
1720207,29,G
1720084,29,G
1720183,29,G
1720169,29,G
1720176,29,G
1720083,29,G
1720189,29,G
1720106,29,G
1620201,29,G
1720177,29,G
1720105,6,G
1720181,6,G
1720149,6,G
1720079,6,G
1720080,6,G
1720078,6,G
1720074,6,G
1620061,6,G
1720201,6,G
1720180,6,G
1720207,6,G
1720084,6,G
1720183,6,G
1720169,6,G
1720176,6,G
1720083,6,G
1720189,6,G
1720106,6,G
1720177,6,G
1720105,3,G
1720181,3,G
1720149,3,G
1720079,3,G
1720080,3,G
1720078,3,G
1720074,3,G
1620061,3,G
1720201,3,G
1720180,3,G
1720207,3,G
1720084,3,G
1720183,3,G
1720169,3,G
1720176,3,G
1720083,3,G
1720189,3,G
1720106,3,G
1720177,3,G
1720197,26,H
1720086,26,H
1720107,26,H
1720188,26,H
1720081,26,H
1720082,26,H
1720184,26,H
1720221,26,H
1720076,26,H
1720190,26,H
1720085,26,H
1420167,26,H
1720147,26,H
1720182,26,H
1720205,26,H
1720075,26,H
1720077,26,H
1720202,26,H
1720197,27,H
1720086,27,H
1720107,27,H
1620264,27,H
1720188,27,H
1720081,27,H
1720082,27,H
1720184,27,H
1720221,27,H
1720076,27,H
1420186,27,H
1720190,27,H
1720085,27,H
1620211,27,H
1420167,27,H
1720147,27,H
1620060,27,H
1620046,27,H
1720182,27,H
1720205,27,H
1620054,27,H
1620192,27,H
1720075,27,H
1720077,27,H
1720202,27,H
1620252,27,H
1620226,28,H
1720197,28,H
1720086,28,H
1720107,28,H
1620264,28,H
1720188,28,H
1720081,28,H
1720082,28,H
1720184,28,H
1720221,28,H
1720076,28,H
1620048,28,H
1420186,28,H
1720190,28,H
1720085,28,H
1620211,28,H
1420167,28,H
1720147,28,H
1620046,28,H
1720182,28,H
1720205,28,H
1620192,28,H
1720075,28,H
1720077,28,H
1720202,28,H
1620252,28,H
1720197,29,H
1720086,29,H
1720107,29,H
1720188,29,H
1720081,29,H
1720082,29,H
1720184,29,H
1720221,29,H
1720076,29,H
1720190,29,H
1720085,29,H
1620101,29,H
1720147,29,H
1720182,29,H
1720205,29,H
1620054,29,H
1720075,29,H
1720077,29,H
1720202,29,H
1620226,6,H
1720197,6,H
1720086,6,H
1720107,6,H
1620264,6,H
1720188,6,H
1720081,6,H
1720082,6,H
1720184,6,H
1720221,6,H
1720076,6,H
1720190,6,H
1720085,6,H
1720147,6,H
1720182,6,H
1720205,6,H
1720075,6,H
1720077,6,H
1720202,6,H
1620191,3,H
1720197,3,H
1720086,3,H
1720107,3,H
1720188,3,H
1720081,3,H
1720082,3,H
1720184,3,H
1720221,3,H
1720076,3,H
1720190,3,H
1720085,3,H
1720147,3,H
1620046,3,H
1720182,3,H
1720205,3,H
1620054,3,H
1720075,3,H
1720077,3,H
1720202,3,H
1620252,3,H
1620051,30,I
1620169,30,I
1620047,30,I
1620045,30,I
1620091,30,I
1620044,30,I
1620053,30,I
1620099,30,I
1620068,30,I
1620048,30,I
1520095,30,I
1620056,30,I
1620139,30,I
1620083,30,I
1620059,30,I
1620163,30,I
1520135,30,I
1620087,30,I
1620230,30,I
1620089,30,I
1620062,30,I
1620231,30,I
1620085,30,I
1620239,30,I
1620084,30,I
1520197,30,I
1620064,31,I
1620051,31,I
1620226,31,I
1620047,31,I
1620045,31,I
1620264,31,I
1620044,31,I
1620053,31,I
1620068,31,I
1620056,31,I
1620211,31,I
1620059,31,I
1620060,31,I
1620046,31,I
1620230,31,I
1620062,31,I
1620054,31,I
1620231,31,I
1620192,31,I
1620239,31,I
1620252,31,I
1520197,31,I
1620051,32,I
1620226,32,I
1620047,32,I
1620045,32,I
1620264,32,I
1620044,32,I
1620053,32,I
1620068,32,I
1620048,32,I
1520095,32,I
1620056,32,I
1520098,32,I
1620211,32,I
1620059,32,I
1620060,32,I
1520135,32,I
1620046,32,I
1620230,32,I
1620062,32,I
1620054,32,I
1620231,32,I
1620192,32,I
1620239,32,I
1620252,32,I
1520197,32,I
1620051,33,I
1620226,33,I
1620047,33,I
1620045,33,I
1620264,33,I
1620044,33,I
1620053,33,I
1620068,33,I
1620048,33,I
1620056,33,I
1620211,33,I
1620059,33,I
1620060,33,I
1620046,33,I
1620230,33,I
1620062,33,I
1620054,33,I
1620231,33,I
1620192,33,I
1620239,33,I
1620252,33,I
1520197,33,I
1620051,34,I
1620226,34,I
1620047,34,I
1620045,34,I
1620044,34,I
1620053,34,I
1620068,34,I
1620048,34,I
1520095,34,I
1620056,34,I
1620211,34,I
1420167,34,I
1620059,34,I
1620060,34,I
1620230,34,I
1620062,34,I
1620231,34,I
1620192,34,I
1620239,34,I
1520197,34,I
1620051,35,I
1620047,35,I
1620045,35,I
1620044,35,I
1620053,35,I
1620068,35,I
1620048,35,I
1520090,35,I
1620056,35,I
1620059,35,I
1520135,35,I
1620230,35,I
1620062,35,I
1620231,35,I
1620239,35,I
1520197,35,I
1620051,36,I
1620169,36,I
1620047,36,I
1620045,36,I
1620091,36,I
1620044,36,I
1620053,36,I
1620099,36,I
1620068,36,I
1620048,36,I
1520095,36,I
1620056,36,I
1620139,36,I
1620083,36,I
1620059,36,I
1620163,36,I
1520135,36,I
1620087,36,I
1620230,36,I
1620089,36,I
1620062,36,I
1620231,36,I
1620085,36,I
1620239,36,I
1620084,36,I
1520197,36,I
1520022,37,J
1520025,37,J
1520040,37,J
1520044,37,J
1520072,37,J
1520073,37,J
1520084,37,J
1520085,37,J
1520086,37,J
1420186,37,J
1520098,37,J
1520119,37,J
1520140,37,J
1520143,37,J
1520022,38,J
1520025,38,J
1520040,38,J
1520044,38,J
1520072,38,J
1520073,38,J
1420119,38,J
1520084,38,J
1520085,38,J
1520086,38,J
1520119,38,J
1520140,38,J
1520143,38,J
1520004,39,J
1520022,39,J
1520025,39,J
1520040,39,J
1520044,39,J
1520072,39,J
1520073,39,J
1520084,39,J
1520085,39,J
1520086,39,J
1420186,39,J
1520098,39,J
1520119,39,J
1520140,39,J
1520143,39,J
1220220,39,J
1520004,40,J
1520022,40,J
1520025,40,J
1520040,40,J
1520044,40,J
1520072,40,J
1520073,40,J
1420119,40,J
1520084,40,J
1520085,40,J
1520086,40,J
1520119,40,J
1520140,40,J
1520143,40,J
1320018,41,J
1520004,41,J
1520022,41,J
1520025,41,J
1520040,41,J
1520044,41,J
1520072,41,J
1520073,41,J
1420119,41,J
1520084,41,J
1520085,41,J
1520086,41,J
1520119,41,J
1420109,41,J
1520140,41,J
1520143,41,J
1320018,11,J
1520022,11,J
1520025,11,J
1520040,11,J
1520044,11,J
1520072,11,J
1520073,11,J
1520084,11,J
1520085,11,J
1520086,11,J
1420186,11,J
1520098,11,J
1520119,11,J
1420109,11,J
1520140,11,J
1520143,11,J
1520004,42,J
1520022,42,J
1520025,42,J
1520040,42,J
1320206,42,J
1520044,42,J
1520072,42,J
1520073,42,J
1420182,42,J
1420119,42,J
1520084,42,J
1520085,42,J
1520086,42,J
1320202,42,J
1520090,42,J
1420186,42,J
1520119,42,J
1520140,42,J
1520143,42,J
1420129,43,K
1420154,43,K
1420112,43,K
1520041,43,K
1420125,43,K
1420120,43,K
1420117,43,K
1420182,43,K
1420131,43,K
1420107,43,K
1320202,43,K
1320027,43,K
1420114,43,K
1420109,43,K
1420135,43,K
1420184,43,K
1420129,44,K
1420154,44,K
1520004,44,K
1420112,44,K
1520041,44,K
1320213,44,K
1420125,44,K
1420120,44,K
1420117,44,K
1420182,44,K
1420131,44,K
1420107,44,K
1320202,44,K
1420114,44,K
1420135,44,K
1420184,44,K
1420129,45,K
1420154,45,K
1520004,45,K
1420112,45,K
1520041,45,K
1420125,45,K
1420120,45,K
1420117,45,K
1420182,45,K
1420131,45,K
1420107,45,K
1420114,45,K
1420109,45,K
1420135,45,K
1420184,45,K
1420129,46,K
1320018,46,K
1420154,46,K
1420112,46,K
1520041,46,K
1320213,46,K
1420125,46,K
1420120,46,K
1420117,46,K
1420182,46,K
1420119,46,K
1420131,46,K
1420107,46,K
1420114,46,K
1420135,46,K
1420184,46,K
1420009,47,K
1420018,47,K
1420004,47,K
1420006,47,K
1420003,47,K
1420015,47,K
1420012,47,K
1420040,47,K
1420128,47,K
1420026,47,K
1420033,47,K
1420162,47,K
1420011,47,K
1420019,47,K
1420146,47,K
1420171,47,K
1420045,47,K
1420024,47,K
1320103,47,K
1420164,47,K
1420017,47,K
1320117,47,K
1320132,47,K
1320091,47,K
1320120,47,K
1720057,1,L
1720022,1,L
1720064,1,L
1720017,1,L
1720027,1,L
1720025,1,L
1720172,1,L
1720060,1,L
1720186,1,L
1720045,1,L
1720006,1,L
1720035,1,L
1720029,1,L
1720049,1,L
1720034,1,L
1720062,1,L
1720162,1,L
1720065,1,L
1720217,1,L
1720031,1,L
1720008,1,L
1720019,1,L
1720016,1,L
1720023,1,L
1720127,1,L
1720038,1,L
1720200,1,L
1720024,1,L
1720036,1,L
1720198,1,L
1720028,1,L
1720057,48,L
1720022,48,L
1720064,48,L
1720017,48,L
1720027,48,L
1720025,48,L
1720172,48,L
1720060,48,L
1720186,48,L
1720045,48,L
1720006,48,L
1720035,48,L
1720029,48,L
1720049,48,L
1720034,48,L
1720062,48,L
1720162,48,L
1720065,48,L
1720217,48,L
1720031,48,L
1720008,48,L
1720019,48,L
1720016,48,L
1720023,48,L
1720127,48,L
1720038,48,L
1720200,48,L
1720024,48,L
1720036,48,L
1720198,48,L
1720028,48,L
1720057,49,L
1720022,49,L
1720064,49,L
1720017,49,L
1720027,49,L
1720025,49,L
1720172,49,L
1720060,49,L
1720186,49,L
1620263,49,L
1720045,49,L
1720006,49,L
1720035,49,L
1720029,49,L
1720049,49,L
1720034,49,L
1720062,49,L
1720162,49,L
1720065,49,L
1720217,49,L
1720031,49,L
1720008,49,L
1720019,49,L
1720016,49,L
1720023,49,L
1720127,49,L
1720038,49,L
1720200,49,L
1720024,49,L
1620042,49,L
1720036,49,L
1720198,49,L
1720028,49,L
1720057,50,L
1720022,50,L
1720064,50,L
1720017,50,L
1720027,50,L
1720025,50,L
1720172,50,L
1720060,50,L
1720186,50,L
1720045,50,L
1720006,50,L
1720035,50,L
1720029,50,L
1720049,50,L
1720034,50,L
1720062,50,L
1720162,50,L
1720065,50,L
1720217,50,L
1720031,50,L
1720008,50,L
1720019,50,L
1720016,50,L
1720023,50,L
1720127,50,L
1720038,50,L
1720200,50,L
1720174,50,L
1720024,50,L
1720036,50,L
1720198,50,L
1720028,50,L
1720057,51,L
1720022,51,L
1720064,51,L
1720017,51,L
1720027,51,L
1720025,51,L
1720172,51,L
1720060,51,L
1720186,51,L
1720045,51,L
1720006,51,L
1720035,51,L
1620073,51,L
1720029,51,L
1720049,51,L
1720034,51,L
1720062,51,L
1720162,51,L
1720065,51,L
1720217,51,L
1720031,51,L
1720008,51,L
1720019,51,L
1720016,51,L
1720023,51,L
1720127,51,L
1720038,51,L
1720200,51,L
1720024,51,L
1620042,51,L
1720036,51,L
1720198,51,L
1620227,51,L
1720028,51,L
1720057,6,L
1720022,6,L
1720064,6,L
1720017,6,L
1720027,6,L
1720025,6,L
1720172,6,L
1620174,6,L
1720060,6,L
1720186,6,L
1720045,6,L
1720006,6,L
1720035,6,L
1720029,6,L
1720049,6,L
1720034,6,L
1720062,6,L
1720162,6,L
1720065,6,L
1720217,6,L
1720031,6,L
1720008,6,L
1720019,6,L
1720016,6,L
1720023,6,L
1720127,6,L
1720038,6,L
1720200,6,L
1720024,6,L
1720036,6,L
1720198,6,L
1720028,6,L
1720021,1,M
1720166,1,M
1720041,1,M
1720020,1,M
1720073,1,M
1720067,1,M
1720220,1,M
1720047,1,M
1720018,1,M
1720030,1,M
1720203,1,M
1620069,1,M
1720007,1,M
1720026,1,M
1720224,1,M
1720164,1,M
1720009,1,M
1720103,1,M
1720059,1,M
1720226,1,M
1720163,1,M
1720117,1,M
1720148,1,M
1720210,1,M
1720032,1,M
1720021,48,M
1720166,48,M
1720041,48,M
1720020,48,M
1720073,48,M
1720067,48,M
1720220,48,M
1720047,48,M
1720018,48,M
1720030,48,M
1720203,48,M
1620265,48,M
1620069,48,M
1720007,48,M
1720026,48,M
1720164,48,M
1720009,48,M
1620063,48,M
1720103,48,M
1720059,48,M
1720226,48,M
1720163,48,M
1720117,48,M
1720148,48,M
1720210,48,M
1720032,48,M
1620094,49,M
1720021,49,M
1720166,49,M
1620023,49,M
1720041,49,M
1720020,49,M
1720073,49,M
1720067,49,M
1720220,49,M
1720047,49,M
1720018,49,M
1720030,49,M
1720203,49,M
1620265,49,M
1620069,49,M
1720007,49,M
1720026,49,M
1620243,49,M
1620205,49,M
1720164,49,M
1720009,49,M
1620063,49,M
1620096,49,M
1720103,49,M
1720059,49,M
1620206,49,M
1720226,49,M
1720163,49,M
1720117,49,M
1520158,49,M
1720148,49,M
1620043,49,M
1720210,49,M
1720032,49,M
1720021,50,M
1720166,50,M
1720041,50,M
1720020,50,M
1720073,50,M
1720067,50,M
1720220,50,M
1720047,50,M
1720018,50,M
1720030,50,M
1720203,50,M
1620265,50,M
1720007,50,M
1720026,50,M
1720164,50,M
1720009,50,M
1620063,50,M
1720103,50,M
1720059,50,M
1720226,50,M
1720163,50,M
1720117,50,M
1720148,50,M
1720210,50,M
1720032,50,M
1620191,51,M
1620094,51,M
1720021,51,M
1720166,51,M
1720041,51,M
1720020,51,M
1720073,51,M
1720067,51,M
1720220,51,M
1720047,51,M
1720018,51,M
1720030,51,M
1720203,51,M
1620265,51,M
1620069,51,M
1720007,51,M
1720026,51,M
1720164,51,M
1720009,51,M
1620096,51,M
1720103,51,M
1720059,51,M
1720226,51,M
1720163,51,M
1720117,51,M
1720148,51,M
1620043,51,M
1720210,51,M
1720032,51,M
1720021,6,M
1720166,6,M
1720041,6,M
1720020,6,M
1720073,6,M
1720067,6,M
1720220,6,M
1720047,6,M
1720018,6,M
1720030,6,M
1720203,6,M
1520071,6,M
1720007,6,M
1620161,6,M
1720026,6,M
1720164,6,M
1720009,6,M
1720103,6,M
1720059,6,M
1520127,6,M
1720226,6,M
1720163,6,M
1720117,6,M
1720148,6,M
1720210,6,M
1720032,6,M
1520196,6,M
1520193,6,M
1620191,29,N
1620094,29,N
1520019,29,N
1620190,29,N
1620041,29,N
1620168,29,N
1620021,29,N
1620183,29,N
1520060,29,N
1620171,29,N
1620028,29,N
1720224,29,N
1620243,29,N
1620205,29,N
1620039,29,N
1620096,29,N
1620206,29,N
1620038,29,N
1620180,29,N
1620024,29,N
1620173,29,N
1620026,29,N
1520171,29,N
1620191,52,N
1520019,52,N
1620190,52,N
1620041,52,N
1620168,52,N
1620021,52,N
1620183,52,N
1520053,52,N
1520056,52,N
1520058,52,N
1620186,52,N
1620171,52,N
1620028,52,N
1620243,52,N
1620205,52,N
1620039,52,N
1620063,52,N
1520108,52,N
1620206,52,N
1620038,52,N
1720218,52,N
1620180,52,N
1620024,52,N
1620173,52,N
1720174,52,N
1520198,52,N
1620026,52,N
1520171,52,N
1620191,53,N
1520019,53,N
1620190,53,N
1620041,53,N
1620168,53,N
1620021,53,N
1620183,53,N
1420049,53,N
1520060,53,N
1620171,53,N
1620265,53,N
1620069,53,N
1620028,53,N
1620243,53,N
1620205,53,N
1620232,53,N
1620039,53,N
1620206,53,N
1620038,53,N
1620180,53,N
1620024,53,N
1620173,53,N
1520158,53,N
1620026,53,N
1520171,53,N
1620191,54,N
1520019,54,N
1620190,54,N
1620041,54,N
1620168,54,N
1620021,54,N
1620183,54,N
1620171,54,N
1620265,54,N
1620028,54,N
1620243,54,N
1620205,54,N
1620039,54,N
1620063,54,N
1620206,54,N
1620038,54,N
1720218,54,N
1620180,54,N
1620024,54,N
1620173,54,N
1520158,54,N
1720174,54,N
1620026,54,N
1520171,54,N
1620191,55,N
1520019,55,N
1620023,55,N
1620190,55,N
1620041,55,N
1620168,55,N
1620021,55,N
1620183,55,N
1520060,55,N
1620171,55,N
1620265,55,N
1620069,55,N
1620028,55,N
1620243,55,N
1620205,55,N
1620039,55,N
1620063,55,N
1620206,55,N
1620038,55,N
1720218,55,N
1620180,55,N
1620024,55,N
1620173,55,N
1720174,55,N
1620026,55,N
1520171,55,N
1620191,56,N
1520019,56,N
1620023,56,N
1620190,56,N
1620041,56,N
1620168,56,N
1620021,56,N
1620183,56,N
1520056,56,N
1620171,56,N
1620265,56,N
1620069,56,N
1620028,56,N
1420048,56,N
1620243,56,N
1620205,56,N
1620039,56,N
1620063,56,N
1620206,56,N
1620038,56,N
1620180,56,N
1620024,56,N
1620173,56,N
1520198,56,N
1620026,56,N
1520171,56,N
1620034,29,O
1620023,29,O
1620015,29,O
1620263,29,O
1620244,29,O
1620017,29,O
1620025,29,O
1620020,29,O
1620073,29,O
1620067,29,O
1620033,29,O
1620013,29,O
1620019,29,O
1620086,29,O
1620014,29,O
1620077,29,O
1620195,29,O
1620027,29,O
1620037,29,O
1720174,29,O
1620042,29,O
1620043,29,O
1620076,29,O
1620036,29,O
1620227,29,O
1620031,29,O
1620034,52,O
1620023,52,O
1520030,52,O
1620015,52,O
1620263,52,O
1620244,52,O
1620017,52,O
1620025,52,O
1620020,52,O
1620073,52,O
1520079,52,O
1620067,52,O
1520083,52,O
1620033,52,O
1620013,52,O
1620019,52,O
1620086,52,O
1620014,52,O
1620077,52,O
1620195,52,O
1620027,52,O
1620037,52,O
1620076,52,O
1620036,52,O
1620227,52,O
1620031,52,O
1620034,53,O
1620023,53,O
1620015,53,O
1620263,53,O
1620244,53,O
1620017,53,O
1620025,53,O
1620020,53,O
1620073,53,O
1620067,53,O
1620033,53,O
1620013,53,O
1620019,53,O
1620086,53,O
1620014,53,O
1620077,53,O
1620195,53,O
1620027,53,O
1620037,53,O
1620076,53,O
1620036,53,O
1620227,53,O
1620031,53,O
1620034,54,O
1620023,54,O
1620015,54,O
1620263,54,O
1620244,54,O
1620017,54,O
1620025,54,O
1620020,54,O
1620073,54,O
1620067,54,O
1520083,54,O
1620033,54,O
1620013,54,O
1620019,54,O
1620086,54,O
1620014,54,O
1620077,54,O
1620195,54,O
1620027,54,O
1620037,54,O
1620076,54,O
1620036,54,O
1620227,54,O
1620031,54,O
1620034,55,O
1620015,55,O
1620263,55,O
1620244,55,O
1620017,55,O
1620025,55,O
1620020,55,O
1620186,55,O
1620073,55,O
1620067,55,O
1520083,55,O
1620033,55,O
1620013,55,O
1620019,55,O
1620086,55,O
1620014,55,O
1620077,55,O
1620195,55,O
1620027,55,O
1620037,55,O
1620076,55,O
1620036,55,O
1620227,55,O
1620031,55,O
1620034,56,O
1620015,56,O
1620263,56,O
1620244,56,O
1620017,56,O
1620025,56,O
1620020,56,O
1620067,56,O
1620033,56,O
1620013,56,O
1620019,56,O
1620086,56,O
1620014,56,O
1620077,56,O
1620195,56,O
1620027,56,O
1620037,56,O
1620076,56,O
1620036,56,O
1620031,56,O
1520007,57,P
1620010,57,P
1520030,57,P
1520056,57,P
1520068,57,P
1420048,57,P
1420180,57,P
1520079,57,P
1520080,57,P
1520203,57,P
1520153,57,P
1520198,57,P
1520169,57,P
1520190,57,P
1520191,57,P
1420062,57,P
1520007,58,P
1620010,58,P
1520030,58,P
1420071,58,P
1420072,58,P
1420079,58,P
1520056,58,P
1520068,58,P
1520079,58,P
1520080,58,P
1520203,58,P
1520083,58,P
1520153,58,P
1520198,58,P
1520169,58,P
1520190,58,P
1520191,58,P
1520007,59,P
1620010,59,P
1520030,59,P
1520056,59,P
1520068,59,P
1520079,59,P
1520080,59,P
1520203,59,P
1520083,59,P
1520153,59,P
1520198,59,P
1520169,59,P
1520190,59,P
1520191,59,P
1420062,59,P
1520007,60,P
1620010,60,P
1520030,60,P
1420079,60,P
1520068,60,P
1520080,60,P
1520203,60,P
1520083,60,P
1220229,60,P
1520153,60,P
1520169,60,P
1520190,60,P
1520191,60,P
1420062,60,P
1520007,61,P
1620010,61,P
1520030,61,P
1420079,61,P
1520068,61,P
1520079,61,P
1520080,61,P
1520203,61,P
1520083,61,P
1520153,61,P
1320065,61,P
1520169,61,P
1520190,61,P
1520191,61,P
1520007,62,P
1620010,62,P
1420071,62,P
1320055,62,P
1520068,62,P
1520079,62,P
1520080,62,P
1520203,62,P
1520083,62,P
1520153,62,P
1520169,62,P
1520190,62,P
1520191,62,P
1520007,10,P
1620010,10,P
1520030,10,P
1320055,10,P
1520068,10,P
1520079,10,P
1720224,10,P
1520080,10,P
1520203,10,P
1520153,10,P
1520169,10,P
1520190,10,P
1520191,10,P
1520020,57,Q
1520028,57,Q
1520047,57,Q
1520058,57,Q
1520070,57,Q
1520097,57,Q
1520106,57,Q
1520108,57,Q
1520130,57,Q
1520145,57,Q
1520152,57,Q
1520170,57,Q
1520171,57,Q
1520184,57,Q
1520189,57,Q
1520028,58,Q
1520047,58,Q
1520053,58,Q
1420049,58,Q
1520058,58,Q
1520070,58,Q
1720224,58,Q
1620232,58,Q
1520097,58,Q
1520106,58,Q
1520108,58,Q
1720218,58,Q
1520130,58,Q
1520145,58,Q
1520152,58,Q
1520170,58,Q
1520171,58,Q
1520184,58,Q
1520189,58,Q
1520019,59,Q
1520020,59,Q
1520028,59,Q
1520047,59,Q
1520053,59,Q
1520058,59,Q
1520070,59,Q
1520097,59,Q
1520106,59,Q
1520108,59,Q
1520130,59,Q
1520145,59,Q
1520152,59,Q
1520170,59,Q
1520184,59,Q
1520189,59,Q
1520020,60,Q
1520028,60,Q
1520047,60,Q
1520058,60,Q
1520070,60,Q
1520097,60,Q
1520106,60,Q
1520108,60,Q
1720218,60,Q
1520130,60,Q
1520145,60,Q
1520152,60,Q
1320056,60,Q
1520170,60,Q
1520184,60,Q
1520189,60,Q
1520019,61,Q
1520020,61,Q
1520028,61,Q
1520047,61,Q
1520056,61,Q
1520058,61,Q
1520070,61,Q
1620232,61,Q
1520097,61,Q
1520106,61,Q
1520108,61,Q
1520130,61,Q
1520145,61,Q
1520152,61,Q
1720174,61,Q
1520198,61,Q
1520170,61,Q
1520184,61,Q
1520189,61,Q
1520020,62,Q
1520028,62,Q
1520047,62,Q
1520056,62,Q
1520070,62,Q
1520097,62,Q
1520106,62,Q
1520130,62,Q
1520145,62,Q
1520152,62,Q
1720174,62,Q
1520198,62,Q
1520170,62,Q
1520171,62,Q
1520184,62,Q
1520189,62,Q
1520020,10,Q
1520028,10,Q
1520047,10,Q
1520056,10,Q
1520058,10,Q
1520070,10,Q
1520097,10,Q
1520106,10,Q
1520108,10,Q
1520130,10,Q
1520145,10,Q
1520152,10,Q
1520198,10,Q
1520170,10,Q
1520184,10,Q
1520189,10,Q
1420070,63,R
1420065,63,R
1420067,63,R
1420079,63,R
1420177,63,R
1320055,63,R
1420063,63,R
1420059,63,R
1420073,63,R
1420143,63,R
1420054,63,R
1420048,63,R
1420180,63,R
1420047,63,R
1420056,63,R
1720224,63,R
1420051,63,R
1420064,63,R
1420138,63,R
1420181,63,R
1420169,63,R
1420068,63,R
1420151,63,R
1720218,63,R
1220229,63,R
1420165,63,R
1420196,63,R
1320056,63,R
1420066,63,R
1320065,63,R
1420052,63,R
1420050,63,R
1420185,63,R
1420070,47,R
1420065,47,R
1420067,47,R
1420071,47,R
1420072,47,R
1420177,47,R
1320206,47,R
1420063,47,R
1420059,47,R
1420073,47,R
1420143,47,R
1420054,47,R
1420048,47,R
1420180,47,R
1420047,47,R
1420056,47,R
1420051,47,R
1420064,47,R
1420138,47,R
1420181,47,R
1420169,47,R
1420068,47,R
1420151,47,R
1420165,47,R
1420196,47,R
1420066,47,R
1420052,47,R
1420050,47,R
1420185,47,R
1420062,47,R
1420070,64,R
1420065,64,R
1420067,64,R
1420071,64,R
1420072,64,R
1420177,64,R
1420063,64,R
1420059,64,R
1420073,64,R
1420143,64,R
1420054,64,R
1420180,64,R
1420047,64,R
1420056,64,R
1420051,64,R
1420064,64,R
1420138,64,R
1420181,64,R
1420169,64,R
1420068,64,R
1420151,64,R
1420165,64,R
1420196,64,R
1320056,64,R
1420066,64,R
1420052,64,R
1420050,64,R
1420185,64,R
1320058,64,R
1420070,65,R
1420065,65,R
1420067,65,R
1420072,65,R
1420079,65,R
1420177,65,R
1320055,65,R
1420063,65,R
1420059,65,R
1420073,65,R
1420143,65,R
1620186,65,R
1420054,65,R
1420048,65,R
1420180,65,R
1420047,65,R
1420056,65,R
1420051,65,R
1420064,65,R
1420138,65,R
1420181,65,R
1420169,65,R
1420068,65,R
1420151,65,R
1220229,65,R
1420165,65,R
1420196,65,R
1420066,65,R
1420052,65,R
1420050,65,R
1420185,65,R
1420070,66,R
1420065,66,R
1420067,66,R
1420177,66,R
1320055,66,R
1420063,66,R
1320082,66,R
1420059,66,R
1420073,66,R
1420143,66,R
1620186,66,R
1420054,66,R
1420048,66,R
1420180,66,R
1420047,66,R
1420056,66,R
1420051,66,R
1420064,66,R
1420138,66,R
1420181,66,R
1420169,66,R
1420068,66,R
1420151,66,R
1220229,66,R
1420165,66,R
1420196,66,R
1420066,66,R
1420052,66,R
1420050,66,R
1420185,66,R
1420070,67,R
1420065,67,R
1420067,67,R
1420177,67,R
1320055,67,R
1420063,67,R
1420059,67,R
1420073,67,R
1420143,67,R
1420054,67,R
1420047,67,R
1420056,67,R
1420051,67,R
1420064,67,R
1420138,67,R
1420181,67,R
1420169,67,R
1420068,67,R
1420151,67,R
1220229,67,R
1420165,67,R
1420196,67,R
1420066,67,R
1420052,67,R
1420050,67,R
1420185,67,R
1420070,68,R
1420065,68,R
1420067,68,R
1420177,68,R
1320055,68,R
1420063,68,R
1420059,68,R
1420073,68,R
1420143,68,R
1420054,68,R
1420048,68,R
1420180,68,R
1420047,68,R
1420056,68,R
1420051,68,R
1420064,68,R
1420138,68,R
1420181,68,R
1420169,68,R
1420068,68,R
1420151,68,R
1220229,68,R
1420165,68,R
1420196,68,R
1420066,68,R
1420052,68,R
1420050,68,R
1420185,68,R
1720154,6,S
1720126,6,S
1720151,6,S
1620204,6,S
1720153,6,S
1720133,6,S
1720090,6,S
1720134,6,S
1620262,6,S
1720209,6,S
1620159,6,S
1720208,6,S
1720095,6,S
1720215,6,S
1720132,6,S
1720119,6,S
1720161,6,S
1720093,6,S
1720112,6,S
1720096,6,S
1620217,6,S
1720155,6,S
1720152,6,S
1720185,6,S
1720094,6,S
1620188,6,S
1720135,6,S
1720171,6,S
1520175,6,S
1720212,6,S
1620143,6,S
1720211,6,S
1720136,6,S
1720158,6,S
1720154,69,S
1720126,69,S
1720151,69,S
1720153,69,S
1720133,69,S
1720090,69,S
1720134,69,S
1720209,69,S
1720208,69,S
1720095,69,S
1720215,69,S
1720132,69,S
1720119,69,S
1720161,69,S
1720093,69,S
1720112,69,S
1720096,69,S
1720155,69,S
1720152,69,S
1720185,69,S
1720094,69,S
1620188,69,S
1720135,69,S
1720171,69,S
1720212,69,S
1720211,69,S
1720136,69,S
1720158,69,S
1720154,70,S
1720126,70,S
1720151,70,S
1720153,70,S
1720133,70,S
1720090,70,S
1720134,70,S
1720209,70,S
1720208,70,S
1720095,70,S
1720215,70,S
1720132,70,S
1720119,70,S
1720161,70,S
1720093,70,S
1720112,70,S
1720096,70,S
1720155,70,S
1720152,70,S
1620142,70,S
1720185,70,S
1720094,70,S
1620188,70,S
1720135,70,S
1720171,70,S
1720212,70,S
1720211,70,S
1720136,70,S
1720158,70,S
1720154,71,S
1720126,71,S
1720151,71,S
1620204,71,S
1720153,71,S
1720133,71,S
1720090,71,S
1720134,71,S
1620262,71,S
1720209,71,S
1720208,71,S
1720095,71,S
1720215,71,S
1720132,71,S
1720119,71,S
1720161,71,S
1720093,71,S
1720112,71,S
1720096,71,S
1720155,71,S
1720152,71,S
1720185,71,S
1720094,71,S
1620188,71,S
1720135,71,S
1720171,71,S
1720212,71,S
1720211,71,S
1720136,71,S
1720158,71,S
1720154,72,S
1720126,72,S
1720151,72,S
1720153,72,S
1720133,72,S
1720090,72,S
1720134,72,S
1720209,72,S
1720208,72,S
1720095,72,S
1720215,72,S
1720132,72,S
1720119,72,S
1620170,72,S
1720161,72,S
1720093,72,S
1720112,72,S
1720096,72,S
1720155,72,S
1720152,72,S
1720185,72,S
1720094,72,S
1620188,72,S
1720135,72,S
1720171,72,S
1720212,72,S
1720211,72,S
1720136,72,S
1720158,72,S
1720154,73,S
1720126,73,S
1720151,73,S
1720153,73,S
1720133,73,S
1720090,73,S
1720134,73,S
1720209,73,S
1720208,73,S
1720095,73,S
1720215,73,S
1720132,73,S
1720119,73,S
1720161,73,S
1720093,73,S
1720112,73,S
1720096,73,S
1720155,73,S
1720152,73,S
1720185,73,S
1720094,73,S
1620188,73,S
1720135,73,S
1720171,73,S
1720212,73,S
1720211,73,S
1720136,73,S
1720158,73,S
1720179,6,T
1720100,6,T
1520031,6,T
1720089,6,T
1720204,6,T
1720120,6,T
1720159,6,T
1720091,6,T
1720122,6,T
1720178,6,T
1720125,6,T
1720087,6,T
1720170,6,T
1720195,6,T
1720092,6,T
1720187,6,T
1720113,6,T
1720150,6,T
1720165,6,T
1720101,6,T
1720110,6,T
1720167,6,T
1720179,69,T
1720100,69,T
1720089,69,T
1720204,69,T
1720120,69,T
1720159,69,T
1720091,69,T
1720122,69,T
1720178,69,T
1720125,69,T
1720087,69,T
1720170,69,T
1720195,69,T
1720092,69,T
1720187,69,T
1720113,69,T
1720150,69,T
1720165,69,T
1720101,69,T
1720110,69,T
1720167,69,T
1720179,70,T
1720100,70,T
1720089,70,T
1720204,70,T
1720120,70,T
1720159,70,T
1720091,70,T
1720122,70,T
1720178,70,T
1720125,70,T
1720087,70,T
1720170,70,T
1720195,70,T
1720092,70,T
1720187,70,T
1720113,70,T
1720150,70,T
1720165,70,T
1720101,70,T
1720110,70,T
1720167,70,T
1720179,71,T
1720100,71,T
1720089,71,T
1720204,71,T
1720120,71,T
1720159,71,T
1720091,71,T
1620154,71,T
1720122,71,T
1720178,71,T
1720125,71,T
1720087,71,T
1720170,71,T
1720195,71,T
1720092,71,T
1720187,71,T
1720113,71,T
1720150,71,T
1720165,71,T
1720101,71,T
1720110,71,T
1720167,71,T
1720179,72,T
1720100,72,T
1720089,72,T
1720204,72,T
1720120,72,T
1720159,72,T
1720091,72,T
1720122,72,T
1720178,72,T
1720125,72,T
1720087,72,T
1720170,72,T
1720195,72,T
1720092,72,T
1720187,72,T
1720113,72,T
1720150,72,T
1720165,72,T
1720101,72,T
1720110,72,T
1720167,72,T
1720179,73,T
1720100,73,T
1520031,73,T
1720089,73,T
1720204,73,T
1720120,73,T
1720159,73,T
1720091,73,T
1720122,73,T
1720178,73,T
1720125,73,T
1720087,73,T
1720170,73,T
1720195,73,T
1620142,73,T
1720092,73,T
1720187,73,T
1620249,73,T
1720113,73,T
1720150,73,T
1720165,73,T
1720101,73,T
1720110,73,T
1720167,73,T
1620112,6,U
1720099,6,U
1720225,6,U
1720121,6,U
1720111,6,U
1720104,6,U
1720108,6,U
1720191,6,U
1720194,6,U
1720098,6,U
1720129,6,U
1720123,6,U
1720097,6,U
1520125,6,U
1720088,6,U
1720102,6,U
1720138,6,U
1720114,6,U
1720131,6,U
1720156,6,U
1720130,6,U
1620112,69,U
1620123,69,U
1720099,69,U
1720225,69,U
1720121,69,U
1720111,69,U
1720104,69,U
1720108,69,U
1720191,69,U
1720194,69,U
1720098,69,U
1720129,69,U
1720123,69,U
1720097,69,U
1720088,69,U
1720102,69,U
1720138,69,U
1720114,69,U
1720131,69,U
1720156,69,U
1620251,69,U
1720130,69,U
1620112,70,U
1620123,70,U
1720099,70,U
1720225,70,U
1720121,70,U
1720111,70,U
1720104,70,U
1720108,70,U
1720191,70,U
1720194,70,U
1720098,70,U
1720129,70,U
1720123,70,U
1720097,70,U
1720088,70,U
1720102,70,U
1720138,70,U
1720114,70,U
1720131,70,U
1720156,70,U
1720130,70,U
1620112,71,U
1620123,71,U
1720099,71,U
1720225,71,U
1720121,71,U
1720111,71,U
1720104,71,U
1720108,71,U
1720191,71,U
1720194,71,U
1720098,71,U
1720129,71,U
1720123,71,U
1720097,71,U
1720088,71,U
1720102,71,U
1720138,71,U
1720114,71,U
1720131,71,U
1720156,71,U
1720130,71,U
1720099,72,U
1720225,72,U
1720121,72,U
1720111,72,U
1720104,72,U
1720108,72,U
1720191,72,U
1720194,72,U
1720098,72,U
1720129,72,U
1720123,72,U
1720097,72,U
1720088,72,U
1720102,72,U
1720138,72,U
1720114,72,U
1720131,72,U
1720156,72,U
1720130,72,U
1620112,73,U
1720099,73,U
1720225,73,U
1720121,73,U
1720111,73,U
1720104,73,U
1720108,73,U
1720191,73,U
1720194,73,U
1720098,73,U
1720129,73,U
1720123,73,U
1720097,73,U
1720088,73,U
1720102,73,U
1720138,73,U
1720114,73,U
1720131,73,U
1720156,73,U
1720130,73,U
1620130,74,V
1620196,74,V
1620161,74,V
1620132,74,V
1620134,74,V
1620207,74,V
1620234,74,V
1620133,74,V
1620247,74,V
1620120,74,V
1620210,74,V
1620251,74,V
1620130,75,V
1620196,75,V
1620161,75,V
1620132,75,V
1620134,75,V
1620207,75,V
1620234,75,V
1620133,75,V
1520151,75,V
1620247,75,V
1520167,75,V
1620120,75,V
1620210,75,V
1620130,76,V
1620196,76,V
1420170,76,V
1620161,76,V
1620132,76,V
1620134,76,V
1620207,76,V
1620234,76,V
1620133,76,V
1620247,76,V
1620120,76,V
1620210,76,V
1620251,76,V
1620130,77,V
1620196,77,V
1620161,77,V
1620170,77,V
1620132,77,V
1620134,77,V
1620207,77,V
1620234,77,V
1620133,77,V
1620247,77,V
1620120,77,V
1620210,77,V
1620251,77,V
1220169,78,V
1620130,78,V
1620204,78,V
1620262,78,V
1620196,78,V
1420170,78,V
1620161,78,V
1620132,78,V
1620134,78,V
1620207,78,V
1620234,78,V
1620133,78,V
1620247,78,V
1620120,78,V
1620210,78,V
1620251,78,V
1620130,79,V
1620204,79,V
1620262,79,V
1620196,79,V
1620161,79,V
1620170,79,V
1620132,79,V
1620134,79,V
1620207,79,V
1620234,79,V
1620133,79,V
1620142,79,V
1620247,79,V
1620120,79,V
1620210,79,V
1620251,79,V
1620150,74,W
1620157,74,W
1620145,74,W
1620128,74,W
1620115,74,W
1620114,74,W
1620154,74,W
1620156,74,W
1620146,74,W
1620149,74,W
1620122,74,W
1620153,74,W
1620119,74,W
1620202,74,W
1620158,74,W
1620152,74,W
1620167,74,W
1620219,74,W
1620249,74,W
1620116,74,W
1620147,74,W
1620203,74,W
1620131,74,W
1620150,75,W
1620157,75,W
1620138,75,W
1620145,75,W
1620128,75,W
1620115,75,W
1620114,75,W
1620154,75,W
1620156,75,W
1620146,75,W
1620149,75,W
1620122,75,W
1620153,75,W
1620119,75,W
1620202,75,W
1620158,75,W
1620152,75,W
1620167,75,W
1620219,75,W
1620249,75,W
1620116,75,W
1620147,75,W
1620203,75,W
1620131,75,W
1620150,76,W
1620157,76,W
1520015,76,W
1620138,76,W
1520017,76,W
1620145,76,W
1620128,76,W
1620115,76,W
1620114,76,W
1620154,76,W
1620156,76,W
1620146,76,W
1620149,76,W
1620122,76,W
1620153,76,W
1620119,76,W
1620202,76,W
1620158,76,W
1620152,76,W
1620167,76,W
1620219,76,W
1620249,76,W
1620116,76,W
1620147,76,W
1620203,76,W
1620131,76,W
1620150,77,W
1620157,77,W
1620145,77,W
1620128,77,W
1620115,77,W
1620114,77,W
1620154,77,W
1620156,77,W
1620146,77,W
1620149,77,W
1620122,77,W
1620153,77,W
1620119,77,W
1620202,77,W
1620158,77,W
1620152,77,W
1620167,77,W
1620219,77,W
1620249,77,W
1620116,77,W
1620147,77,W
1620203,77,W
1620131,77,W
1620150,78,W
1620157,78,W
1620145,78,W
1620128,78,W
1620115,78,W
1620114,78,W
1620154,78,W
1620156,78,W
1620146,78,W
1620149,78,W
1620122,78,W
1620153,78,W
1620119,78,W
1620202,78,W
1620158,78,W
1620152,78,W
1620167,78,W
1620219,78,W
1620249,78,W
1620116,78,W
1620147,78,W
1620203,78,W
1620131,78,W
1620150,79,W
1620157,79,W
1620138,79,W
1620145,79,W
1620128,79,W
1620115,79,W
1620114,79,W
1620154,79,W
1620156,79,W
1620146,79,W
1620149,79,W
1620122,79,W
1620153,79,W
1620119,79,W
1620202,79,W
1620158,79,W
1620152,79,W
1620219,79,W
1620249,79,W
1620116,79,W
1620147,79,W
1620203,79,W
1620131,79,W
1220169,74,X
1620118,74,X
1520006,74,X
1620148,74,X
1620236,74,X
1620204,74,X
1620126,74,X
1520031,74,X
1620155,74,X
1620262,74,X
1620246,74,X
1620160,74,X
1620159,74,X
1320028,74,X
1520109,74,X
1620220,74,X
1620217,74,X
1520125,74,X
1620162,74,X
1520164,74,X
1620143,74,X
1620113,74,X
1620166,74,X
1620164,74,X
1220169,75,X
1620118,75,X
1620148,75,X
1620236,75,X
1620126,75,X
1620174,75,X
1620155,75,X
1620246,75,X
1620160,75,X
1620159,75,X
1420170,75,X
1520109,75,X
1620220,75,X
1620217,75,X
1620162,75,X
1620143,75,X
1520186,75,X
1620113,75,X
1620166,75,X
1620164,75,X
1620118,76,X
1520006,76,X
1620148,76,X
1620236,76,X
1620126,76,X
1620174,76,X
1620155,76,X
1620246,76,X
1620160,76,X
1620159,76,X
1620220,76,X
1520116,76,X
1620217,76,X
1620162,76,X
1520181,76,X
1620143,76,X
1520186,76,X
1620113,76,X
1620166,76,X
1620164,76,X
1620118,77,X
1620148,77,X
1620236,77,X
1620204,77,X
1620126,77,X
1620174,77,X
1620155,77,X
1620262,77,X
1620246,77,X
1620160,77,X
1620159,77,X
1320028,77,X
1620220,77,X
1620217,77,X
1620162,77,X
1620143,77,X
1620113,77,X
1620166,77,X
1620164,77,X
1620118,78,X
1620148,78,X
1620236,78,X
1620126,78,X
1620174,78,X
1620155,78,X
1620246,78,X
1620160,78,X
1620159,78,X
1520071,78,X
1320028,78,X
1620220,78,X
1620217,78,X
1620162,78,X
1520167,78,X
1620143,78,X
1520186,78,X
1520193,78,X
1620113,78,X
1620166,78,X
1620164,78,X
1620118,79,X
1520006,79,X
1620148,79,X
1620236,79,X
1620126,79,X
1620155,79,X
1620246,79,X
1620160,79,X
1620159,79,X
1520109,79,X
1620220,79,X
1620217,79,X
1520151,79,X
1620162,79,X
1620143,79,X
1520186,79,X
1620113,79,X
1620166,79,X
1620164,79,X
1520001,80,Y
1520002,80,Y
1520005,80,Y
1520006,80,Y
1520026,80,Y
1520029,80,Y
1520031,80,Y
1520043,80,Y
1520049,80,Y
1520054,80,Y
1220130,80,Y
1520059,80,Y
1520065,80,Y
1420170,80,Y
1520089,80,Y
1520136,80,Y
1520103,80,Y
1520104,80,Y
1520110,80,Y
1520115,80,Y
1520127,80,Y
1420016,80,Y
1520137,80,Y
1520142,80,Y
1520147,80,Y
1520156,80,Y
1520162,80,Y
1520181,80,Y
1520185,80,Y
1520196,80,Y
1520188,80,Y
1520001,81,Y
1520002,81,Y
1520005,81,Y
1520006,81,Y
1520026,81,Y
1520029,81,Y
1520043,81,Y
1520049,81,Y
1520054,81,Y
1520059,81,Y
1520065,81,Y
1420170,81,Y
1520071,81,Y
1320028,81,Y
1520089,81,Y
1520136,81,Y
1520103,81,Y
1520104,81,Y
1520110,81,Y
1520115,81,Y
1520125,81,Y
1520127,81,Y
1420016,81,Y
1520137,81,Y
1520142,81,Y
1520147,81,Y
1520156,81,Y
1520162,81,Y
1520181,81,Y
1520185,81,Y
1520196,81,Y
1520188,81,Y
1520193,81,Y
1520001,10,Y
1520002,10,Y
1520005,10,Y
1520026,10,Y
1520029,10,Y
1520031,10,Y
1520043,10,Y
1520049,10,Y
1520054,10,Y
1520059,10,Y
1520065,10,Y
1520071,10,Y
1320028,10,Y
1520089,10,Y
1520136,10,Y
1520103,10,Y
1520104,10,Y
1520110,10,Y
1520115,10,Y
1520125,10,Y
1520127,10,Y
1420016,10,Y
1520137,10,Y
1520142,10,Y
1520147,10,Y
1520156,10,Y
1520162,10,Y
1520167,10,Y
1520175,10,Y
1520181,10,Y
1520185,10,Y
1520196,10,Y
1520188,10,Y
1520193,10,Y
1520001,82,Y
1520002,82,Y
1520005,82,Y
1520006,82,Y
1520026,82,Y
1520029,82,Y
1520043,82,Y
1520049,82,Y
1520054,82,Y
1420136,82,Y
1520059,82,Y
1520065,82,Y
1520089,82,Y
1520136,82,Y
1520103,82,Y
1520104,82,Y
1520110,82,Y
1520115,82,Y
1420016,82,Y
1520137,82,Y
1520142,82,Y
1520147,82,Y
1520156,82,Y
1520162,82,Y
1520167,82,Y
1520175,82,Y
1520185,82,Y
1520188,82,Y
1520001,83,Y
1520002,83,Y
1520005,83,Y
1520006,83,Y
1520026,83,Y
1520029,83,Y
1520043,83,Y
1520049,83,Y
1520054,83,Y
1520059,83,Y
1520065,83,Y
1520071,83,Y
1320028,83,Y
1320208,83,Y
1520089,83,Y
1520136,83,Y
1520103,83,Y
1520104,83,Y
1520110,83,Y
1520115,83,Y
1520116,83,Y
1520125,83,Y
1520127,83,Y
1420016,83,Y
1520137,83,Y
1520142,83,Y
1520147,83,Y
1520156,83,Y
1520162,83,Y
1520167,83,Y
1520175,83,Y
1520181,83,Y
1520185,83,Y
1520196,83,Y
1520188,83,Y
1520193,83,Y
1520001,84,Y
1520002,84,Y
1520005,84,Y
1520026,84,Y
1520029,84,Y
1520043,84,Y
1520049,84,Y
1520059,84,Y
1520065,84,Y
1520071,84,Y
1320028,84,Y
1520089,84,Y
1520136,84,Y
1520103,84,Y
1520104,84,Y
1520110,84,Y
1520115,84,Y
1520116,84,Y
1520125,84,Y
1520127,84,Y
1420016,84,Y
1520137,84,Y
1520142,84,Y
1520147,84,Y
1520156,84,Y
1520162,84,Y
1520167,84,Y
1520175,84,Y
1520181,84,Y
1520185,84,Y
1520196,84,Y
1520188,84,Y
1520193,84,Y
1520001,85,Y
1520002,85,Y
1520005,85,Y
1420030,85,Y
1520026,85,Y
1520043,85,Y
1520049,85,Y
1520054,85,Y
1420136,85,Y
1520059,85,Y
1520065,85,Y
1520071,85,Y
1520089,85,Y
1520136,85,Y
1520103,85,Y
1520104,85,Y
1520110,85,Y
1520115,85,Y
1520127,85,Y
1420016,85,Y
1520137,85,Y
1520142,85,Y
1520147,85,Y
1520156,85,Y
1520162,85,Y
1520167,85,Y
1520185,85,Y
1520196,85,Y
1520188,85,Y
1520193,85,Y
1520009,80,Z
1520015,80,Z
1520016,80,Z
1520017,80,Z
1520018,80,Z
1520023,80,Z
1420013,80,Z
1520036,80,Z
1420136,80,Z
1520057,80,Z
1520061,80,Z
1420128,80,Z
1520077,80,Z
1520081,80,Z
1520091,80,Z
1520096,80,Z
1520113,80,Z
1520122,80,Z
1420178,80,Z
1520134,80,Z
1520139,80,Z
1520146,80,Z
1420045,80,Z
1520159,80,Z
1520160,80,Z
1520164,80,Z
1520166,80,Z
1420130,80,Z
1520173,80,Z
1520174,80,Z
1520178,80,Z
1520009,81,Z
1520015,81,Z
1520016,81,Z
1520017,81,Z
1520018,81,Z
1520023,81,Z
1520031,81,Z
1520036,81,Z
1520057,81,Z
1520061,81,Z
1520077,81,Z
1520081,81,Z
1520091,81,Z
1520096,81,Z
1520113,81,Z
1520122,81,Z
1420178,81,Z
1520134,81,Z
1520139,81,Z
1520146,81,Z
1520159,81,Z
1520160,81,Z
1520164,81,Z
1520166,81,Z
1520173,81,Z
1520174,81,Z
1520178,81,Z
1520186,81,Z
1520009,10,Z
1520016,10,Z
1520018,10,Z
1520023,10,Z
1520036,10,Z
1520057,10,Z
1520061,10,Z
1520077,10,Z
1520081,10,Z
1520091,10,Z
1520096,10,Z
1520109,10,Z
1520113,10,Z
1520122,10,Z
1520134,10,Z
1520139,10,Z
1520146,10,Z
1520159,10,Z
1520160,10,Z
1520164,10,Z
1520166,10,Z
1520173,10,Z
1520174,10,Z
1520178,10,Z
1520186,10,Z
1520015,82,Z
1520016,82,Z
1520017,82,Z
1520018,82,Z
1520023,82,Z
1520057,82,Z
1520061,82,Z
1420128,82,Z
1520077,82,Z
1520081,82,Z
1520091,82,Z
1520096,82,Z
1520109,82,Z
1520113,82,Z
1520122,82,Z
1520134,82,Z
1520139,82,Z
1520146,82,Z
1520159,82,Z
1520160,82,Z
1520166,82,Z
1420130,82,Z
1520173,82,Z
1520174,82,Z
1520178,82,Z
1520009,83,Z
1520015,83,Z
1520016,83,Z
1520017,83,Z
1520018,83,Z
1520023,83,Z
1520031,83,Z
1520036,83,Z
1520057,83,Z
1520061,83,Z
1520077,83,Z
1520081,83,Z
1520091,83,Z
1520096,83,Z
1520109,83,Z
1520113,83,Z
1520122,83,Z
1520134,83,Z
1520139,83,Z
1520146,83,Z
1520159,83,Z
1520160,83,Z
1520164,83,Z
1520166,83,Z
1520173,83,Z
1520174,83,Z
1520178,83,Z
1520009,84,Z
1520015,84,Z
1520016,84,Z
1520017,84,Z
1520018,84,Z
1520023,84,Z
1520036,84,Z
1520057,84,Z
1520061,84,Z
1520077,84,Z
1520081,84,Z
1520091,84,Z
1520096,84,Z
1520113,84,Z
1520122,84,Z
1520134,84,Z
1520139,84,Z
1520146,84,Z
1520159,84,Z
1520160,84,Z
1520164,84,Z
1520166,84,Z
1520173,84,Z
1520174,84,Z
1520178,84,Z
1320126,84,Z
1520009,85,Z
1520015,85,Z
1520016,85,Z
1520017,85,Z
1520018,85,Z
1520023,85,Z
1520036,85,Z
1520057,85,Z
1520061,85,Z
1520077,85,Z
1520081,85,Z
1520091,85,Z
1520096,85,Z
1520113,85,Z
1520122,85,Z
1520134,85,Z
1520139,85,Z
1520146,85,Z
1520151,85,Z
1520159,85,Z
1520160,85,Z
1520164,85,Z
1520166,85,Z
1520173,85,Z
1520174,85,Z
1520178,85,Z
1420009,11,a
1420018,11,a
1420004,11,a
1420006,11,a
1420003,11,a
1420015,11,a
1420012,11,a
1420040,11,a
1420026,11,a
1420033,11,a
1420162,11,a
1420011,11,a
1420019,11,a
1420146,11,a
1320109,11,a
1420171,11,a
1420045,11,a
1420024,11,a
1420164,11,a
1420017,11,a
1320091,11,a
1320120,11,a
1420009,81,a
1420018,81,a
1420004,81,a
1420006,81,a
1420003,81,a
1420015,81,a
1420012,81,a
1420040,81,a
1420128,81,a
1420026,81,a
1420033,81,a
1420162,81,a
1420011,81,a
1420019,81,a
1420146,81,a
1420171,81,a
1420024,81,a
1420164,81,a
1420017,81,a
1420130,81,a
1520175,81,a
1320091,81,a
1320120,81,a
1420009,86,a
1420018,86,a
1420004,86,a
1420006,86,a
1420003,86,a
1420015,86,a
1420012,86,a
1420040,86,a
1420128,86,a
1420026,86,a
1420033,86,a
1420162,86,a
1420011,86,a
1420019,86,a
1420146,86,a
1420171,86,a
1420045,86,a
1420024,86,a
1420164,86,a
1420017,86,a
1420130,86,a
1320091,86,a
1320120,86,a
1420009,87,a
1420018,87,a
1420004,87,a
1420006,87,a
1420003,87,a
1420015,87,a
1420012,87,a
1420040,87,a
1420128,87,a
1420026,87,a
1420033,87,a
1420162,87,a
1420011,87,a
1420019,87,a
1420146,87,a
1420171,87,a
1420045,87,a
1420024,87,a
1420164,87,a
1420017,87,a
1420130,87,a
1320091,87,a
1320120,87,a
1420009,47,a
1420018,47,a
1420004,47,a
1420006,47,a
1420003,47,a
1420015,47,a
1420012,47,a
1420040,47,a
1420128,47,a
1420026,47,a
1420033,47,a
1420162,47,a
1420011,47,a
1420019,47,a
1420146,47,a
1420171,47,a
1420045,47,a
1420024,47,a
1320103,47,a
1420164,47,a
1420017,47,a
1320117,47,a
1320132,47,a
1320091,47,a
1320120,47,a
1420009,89,a
1420018,89,a
1420004,89,a
1420006,89,a
1420003,89,a
1420015,89,a
1420012,89,a
1420040,89,a
1420026,89,a
1420033,89,a
1420162,89,a
1420011,89,a
1420019,89,a
1420146,89,a
1420171,89,a
1420045,89,a
1420024,89,a
1420164,89,a
1420017,89,a
1420130,89,a
1320091,89,a
1320120,89,a
1420009,90,a
1420018,90,a
1420004,90,a
1420006,90,a
1420003,90,a
1420015,90,a
1420012,90,a
1420040,90,a
1420128,90,a
1420170,90,a
1420026,90,a
1420033,90,a
1420162,90,a
1420011,90,a
1420019,90,a
1420146,90,a
1420171,90,a
1420045,90,a
1420024,90,a
1420164,90,a
1420017,90,a
1420130,90,a
1320091,90,a
1320120,90,a
1220169,11,b
1420106,11,b
1420030,11,b
1420153,11,b
1420028,11,b
1420001,11,b
1420187,11,b
1420025,11,b
1420008,11,b
1420042,11,b
1420031,11,b
1420134,11,b
1420149,11,b
1420159,11,b
1420179,11,b
1420014,11,b
1420022,11,b
1420032,11,b
1420021,11,b
1420030,81,b
1420153,81,b
1420028,81,b
1420001,81,b
1420013,81,b
1420187,81,b
1420025,81,b
1320141,81,b
1420008,81,b
1420136,81,b
1320201,81,b
1320146,81,b
1420042,81,b
1420031,81,b
1320144,81,b
1420134,81,b
1420149,81,b
1420159,81,b
1420179,81,b
1420014,81,b
1420022,81,b
1420178,81,b
1420106,86,b
1420030,86,b
1420153,86,b
1420028,86,b
1420001,86,b
1420013,86,b
1420187,86,b
1420025,86,b
1420008,86,b
1420136,86,b
1420042,86,b
1420031,86,b
1420134,86,b
1420149,86,b
1420159,86,b
1420179,86,b
1420014,86,b
1420022,86,b
1420178,86,b
1320108,86,b
1420032,86,b
1420021,86,b
1420106,87,b
1420030,87,b
1420153,87,b
1420028,87,b
1420001,87,b
1420013,87,b
1420187,87,b
1420025,87,b
1420008,87,b
1420136,87,b
1420042,87,b
1420031,87,b
1420134,87,b
1420149,87,b
1420159,87,b
1420179,87,b
1420014,87,b
1420022,87,b
1420178,87,b
1420032,87,b
1420021,87,b
1420106,47,b
1420153,47,b
1420028,47,b
1420001,47,b
1420013,47,b
1420187,47,b
1420025,47,b
1320141,47,b
1420008,47,b
1320201,47,b
1420042,47,b
1420031,47,b
1420134,47,b
1420149,47,b
1420159,47,b
1320136,47,b
1420179,47,b
1420014,47,b
1420022,47,b
1420178,47,b
1420032,47,b
1320150,47,b
1420021,47,b
1420106,89,b
1420030,89,b
1420153,89,b
1420028,89,b
1420001,89,b
1420013,89,b
1420187,89,b
1420025,89,b
1420008,89,b
1420136,89,b
1420042,89,b
1420031,89,b
1420134,89,b
1420149,89,b
1420159,89,b
1420179,89,b
1420014,89,b
1420022,89,b
1420178,89,b
1320108,89,b
1420032,89,b
1420021,89,b
1420106,90,b
1420030,90,b
1420153,90,b
1420028,90,b
1420001,90,b
1420013,90,b
1420187,90,b
1420025,90,b
1420008,90,b
1420136,90,b
1420042,90,b
1420031,90,b
1420134,90,b
1420149,90,b
1420159,90,b
1420179,90,b
1320109,90,b
1420014,90,b
1420022,90,b
1420178,90,b
1420032,90,b
1520175,90,b
1420021,90,b
1220169,45,c
1320113,45,c
1320119,45,c
1320122,45,c
1320106,45,c
1320124,45,c
1320141,45,c
1220130,45,c
1320125,45,c
1320201,45,c
1320146,45,c
1320144,45,c
1320123,45,c
1320136,45,c
1320130,45,c
1320110,45,c
1320109,45,c
1320204,45,c
1320103,45,c
1320150,45,c
1320132,45,c
1720116,91,d
1720222,91,d
1720142,91,d
1720223,91,d
1720206,91,d
1720144,91,d
1720109,91,d
1720137,91,d
1720139,91,d
1720145,91,d
1720146,91,d
1720143,91,d
1720115,91,d
1720175,91,d
1720141,91,d
1720124,91,d
1720140,91,d
1720196,91,d
1720128,91,d
1720118,91,d
1720219,91,d
1720157,91,d
1720116,1,d
1720222,1,d
1720142,1,d
1720223,1,d
1720206,1,d
1720144,1,d
1720109,1,d
1720137,1,d
1720139,1,d
1720145,1,d
1720146,1,d
1720143,1,d
1720115,1,d
1720175,1,d
1720141,1,d
1720124,1,d
1720140,1,d
1720196,1,d
1720128,1,d
1720118,1,d
1720219,1,d
1720157,1,d
1720116,3,d
1720222,3,d
1720142,3,d
1720223,3,d
1720206,3,d
1720144,3,d
1720109,3,d
1720137,3,d
1720139,3,d
1720145,3,d
1720146,3,d
1720143,3,d
1720115,3,d
1720175,3,d
1720141,3,d
1720124,3,d
1720140,3,d
1720196,3,d
1720128,3,d
1720118,3,d
1720219,3,d
1720157,3,d
1720116,33,d
1720222,33,d
1720142,33,d
1620140,33,d
1620072,33,d
1720206,33,d
1720144,33,d
1720109,33,d
1720137,33,d
1620241,33,d
1720139,33,d
1720145,33,d
1720146,33,d
1620070,33,d
1720143,33,d
1720115,33,d
1720175,33,d
1720141,33,d
1720124,33,d
1720140,33,d
1720196,33,d
1720128,33,d
1720118,33,d
1720219,33,d
1720157,33,d
1720116,6,d
1720222,6,d
1720142,6,d
1720223,6,d
1720206,6,d
1720144,6,d
1720109,6,d
1720137,6,d
1720139,6,d
1720145,6,d
1720146,6,d
1720143,6,d
1720115,6,d
1720175,6,d
1720141,6,d
1720124,6,d
1720140,6,d
1720196,6,d
1720128,6,d
1720118,6,d
1720219,6,d
1720157,6,d
1720116,92,d
1720222,92,d
1720142,92,d
1720206,92,d
1720144,92,d
1720109,92,d
1720137,92,d
1720139,92,d
1720145,92,d
1720146,92,d
1720143,92,d
1720115,92,d
1720175,92,d
1720141,92,d
1720124,92,d
1720140,92,d
1720196,92,d
1720128,92,d
1720118,92,d
1720219,92,d
1720157,92,d
1620121,93,e
1620125,93,e
1620256,93,e
1620140,93,e
1620072,93,e
1620058,93,e
1620241,93,e
1620266,93,e
1620070,93,e
1620050,93,e
1620102,93,e
1620125,29,e
1620140,29,e
1620058,29,e
1620103,29,e
1620070,29,e
1620050,29,e
1620102,29,e
1620121,75,e
1620125,75,e
1620140,75,e
1620058,75,e
1620266,75,e
1620070,75,e
1620050,75,e
1620102,75,e
1620121,94,e
1620125,94,e
1620256,94,e
1620140,94,e
1620058,94,e
1620266,94,e
1620070,94,e
1620050,94,e
1620102,94,e
1620121,95,e
1620125,95,e
1620256,95,e
1620140,95,e
1620058,95,e
1620070,95,e
1620050,95,e
1620102,95,e
1620121,55,e
1620125,55,e
1620140,55,e
1620058,55,e
1620070,55,e
1620050,55,e
1620102,55,e
1620121,11,e
1620125,11,e
1620140,11,e
1620072,11,e
1620058,11,e
1620241,11,e
1620070,11,e
1620050,11,e
1620102,11,e
